<?xml version="1.0" encoding="UTF-8"?>
<project-private xmlns="http://www.netbeans.org/ns/project-private/1">
    <editor-bookmarks xmlns="http://www.netbeans.org/ns/editor-bookmarks/2" lastBookmarkId="0"/>
    <open-files xmlns="http://www.netbeans.org/ns/projectui-open-files/2">
        <group>
            <file>file:/Users/kevincrabtree/NetBeansProjects/CS_Club/web/Header.jsp</file>
            <file>file:/Users/kevincrabtree/NetBeansProjects/CS_Club/web/loginAction.jsp</file>
            <file>file:/Users/kevincrabtree/NetBeansProjects/CS_Club/web/welcome.jsp</file>
            <file>file:/Users/kevincrabtree/NetBeansProjects/CS_Club/web/index.jsp</file>
            <file>file:/Users/kevincrabtree/NetBeansProjects/CS_Club/web/admin.jsp</file>
        </group>
    </open-files>
</project-private>
