<?xml version="1.0" encoding="UTF-8"?>
<project-private xmlns="http://www.netbeans.org/ns/project-private/1">
    <editor-bookmarks xmlns="http://www.netbeans.org/ns/editor-bookmarks/2" lastBookmarkId="0"/>
    <open-files xmlns="http://www.netbeans.org/ns/projectui-open-files/2">
        <group>
            <file>file:/Users/kevincrabtree/NetBeansProjects/CS_Club/web/Header.jsp</file>
            <file>file:/Users/kevincrabtree/NetBeansProjects/CS_Club/src/java/myBeans/DBConnect.java</file>
            <file>file:/Users/kevincrabtree/NetBeansProjects/CS_Club/web/admin.jsp</file>
            <file>file:/Users/kevincrabtree/NetBeansProjects/CS_Club/web/register.jsp</file>
            <file>file:/Users/kevincrabtree/NetBeansProjects/CS_Club/web/newsfeed.jsp</file>
            <file>file:/Users/kevincrabtree/NetBeansProjects/CS_Club/web/location.jsp</file>
            <file>file:/Users/kevincrabtree/NetBeansProjects/CS_Club/web/logoutAction.jsp</file>
            <file>file:/Users/kevincrabtree/NetBeansProjects/CS_Club/web/my.js</file>
            <file>file:/Users/kevincrabtree/NetBeansProjects/CS_Club/web/managedownloads.jsp</file>
            <file>file:/Users/kevincrabtree/NetBeansProjects/CS_Club/web/users.jsp</file>
            <file>file:/Users/kevincrabtree/NetBeansProjects/CS_Club/web/loginAction.jsp</file>
            <file>file:/Users/kevincrabtree/NetBeansProjects/CS_Club/web/contact.jsp</file>
            <file>file:/Users/kevincrabtree/NetBeansProjects/CS_Club/web/registerAction.jsp</file>
            <file>file:/Users/kevincrabtree/NetBeansProjects/CS_Club/web/index.jsp</file>
            <file>file:/Users/kevincrabtree/NetBeansProjects/CS_Club/web/welcome.jsp</file>
            <file>file:/Users/kevincrabtree/NetBeansProjects/CS_Club/web/downloads.jsp</file>
        </group>
    </open-files>
</project-private>
